pcd_id,object_id,split
0100,0,train
0101,0,train
0102,0,train
0103,0,train
0104,0,train
0105,0,train
0106,1,val
0107,1,val
0108,1,val
0109,1,val
0110,1,val
0111,1,val
0112,1,val
0113,1,val
0114,2,train
0115,2,train
0116,2,train
0117,2,train
0118,3,train
0119,3,train
0120,3,train
0121,3,train
0122,4,train
0123,4,train
0124,4,train
0125,4,train
0126,5,train
0127,5,train
0128,5,train
0129,6,test
0130,6,test
0131,6,test
0132,6,test
0133,7,test
0134,7,test
0135,7,test
0136,7,test
0137,8,test
0138,8,test
0139,8,test
0140,8,test
0141,9,train
0142,9,train
0143,9,train
0144,9,train
0145,10,train
0146,11,val
0147,11,val
0148,11,val
0149,12,train
0150,13,train
0151,14,train
0152,15,train
0153,16,train
0154,17,val
0155,17,val
0156,17,val
0157,18,train
0158,18,train
0159,18,train
0160,18,train
0161,19,train
0162,19,train
0163,19,train
0164,19,train
0165,19,train
0166,19,train
0167,19,train
0168,19,train
0169,20,val
0170,20,val
0171,20,val
0172,20,val
0173,21,train
0174,21,train
0175,21,train
0176,22,test
0177,23,test
0178,23,test
0179,23,test
0180,23,test
0181,23,test
0182,23,test
0183,23,test
0184,23,test
0185,24,val
0186,24,val
0187,24,val
0188,24,val
0189,25,train
0190,25,train
0191,25,train
0192,25,train
0193,26,test
0194,26,test
0195,26,test
0196,26,test
0197,27,train
0198,27,train
0199,28,test
0200,29,train
0201,30,train
0202,30,train
0203,31,val
0204,31,val
0205,32,train
0206,32,train
0207,32,train
0208,32,train
0209,33,train
0210,33,train
0211,34,train
0212,34,train
0213,35,test
0214,35,test
0215,35,test
0216,35,test
0217,36,train
0218,36,train
0219,37,train
0220,37,train
0221,37,train
0222,37,train
0223,38,train
0224,38,train
0225,38,train
0226,38,train
0227,39,val
0228,39,val
0229,39,val
0230,39,val
0231,39,val
0232,39,val
0233,39,val
0234,39,val
0235,40,val
0236,41,train
0237,41,train
0238,41,train
0239,42,train
0240,42,train
0241,42,train
0242,42,train
0243,42,train
0244,42,train
0245,42,train
0246,42,train
0247,43,train
0248,44,train
0249,44,train
0250,44,train
0251,44,train
0252,44,train
0253,44,train
0254,44,train
0255,44,train
0256,45,train
0257,45,train
0258,45,train
0259,45,train
0260,46,train
0261,46,train
0262,46,train
0263,46,train
0264,47,train
0265,47,train
0266,47,train
0267,47,train
0268,48,train
0269,48,train
0270,48,train
0271,48,train
0272,48,train
0273,48,train
0274,48,train
0275,48,train
0276,48,train
0277,48,train
0278,48,train
0279,48,train
0280,49,val
0281,49,val
0282,49,val
0283,49,val
0284,50,test
0285,50,test
0286,50,test
0287,50,test
0288,51,train
0289,51,train
0290,52,train
0291,52,train
0292,53,train
0293,53,train
0294,53,train
0295,53,train
0296,54,train
0297,54,train
0298,54,train
0299,55,test
0300,56,test
0301,56,test
0302,56,test
0303,56,test
0304,56,test
0305,56,test
0306,56,test
0307,56,test
0308,56,test
0309,57,test
0310,57,test
0311,57,test
0312,58,val
0313,58,val
0314,58,val
0315,58,val
0316,59,test
0317,60,train
0318,60,train
0319,60,train
0320,61,train
0321,61,train
0322,61,train
0323,61,train
0324,62,test
0325,63,train
0326,64,train
0327,65,train
0328,65,train
0329,65,train
0330,65,train
0331,66,train
0332,66,train
0333,66,train
0334,66,train
0335,67,val
0336,67,val
0337,67,val
0338,67,val
0339,68,train
0340,68,train
0341,68,train
0342,68,train
0343,69,train
0344,69,train
0345,69,train
0346,69,train
0347,70,test
0348,70,test
0349,70,test
0350,70,test
0351,71,test
0352,71,test
0353,72,train
0354,72,train
0355,73,train
0356,73,train
0357,73,train
0358,73,train
0359,73,train
0360,73,train
0361,73,train
0362,73,train
0363,74,val
0364,74,val
0365,74,val
0366,74,val
0367,74,val
0368,74,val
0369,74,val
0370,74,val
0371,75,val
0372,75,val
0373,75,val
0374,75,val
0375,76,train
0376,76,train
0377,76,train
0378,76,train
0379,76,train
0380,76,train
0381,76,train
0382,76,train
0383,76,train
0384,76,train
0385,76,train
0386,76,train
0387,77,train
0388,78,train
0389,79,train
0390,79,train
0391,79,train
0392,79,train
0393,80,train
0394,80,train
0395,80,train
0396,81,train
0397,81,train
0398,81,train
0399,82,train
0400,82,train
0401,82,train
0402,82,train
0403,82,train
0404,82,train
0405,82,train
0406,82,train
0407,83,train
0408,83,train
0409,83,train
0410,83,train
0411,83,train
0412,83,train
0413,83,train
0414,83,train
0415,83,train
0416,83,train
0417,83,train
0418,83,train
0419,83,train
0420,83,train
0421,83,train
0422,83,train
0423,83,train
0424,83,train
0425,83,train
0426,83,train
0427,83,train
0428,83,train
0429,83,train
0430,83,train
0431,84,train
0432,84,train
0433,84,train
0434,84,train
0436,85,train
0437,85,train
0438,85,train
0439,86,val
0440,86,val
0441,86,val
0442,86,val
0443,87,val
0444,87,val
0445,87,val
0446,87,val
0447,88,val
0448,88,val
0449,88,val
0450,88,val
0451,89,train
0452,89,train
0453,89,train
0454,89,train
0455,89,train
0456,89,train
0457,89,train
0458,89,train
0459,90,train
0460,90,train
0461,90,train
0462,90,train
0463,91,val
0464,91,val
0465,91,val
0466,91,val
0467,92,val
0468,92,val
0469,92,val
0470,92,val
0471,93,train
0472,94,train
0473,95,train
0474,95,train
0475,96,val
0476,96,val
0477,96,val
0478,96,val
0479,97,val
0480,98,train
0481,99,train
0482,99,train
0483,99,train
0484,99,train
0485,100,train
0486,100,train
0487,100,train
0488,100,train
0489,101,train
0490,101,train
0491,101,train
0492,101,train
0493,101,train
0494,101,train
0495,101,train
0496,101,train
0497,102,train
0498,102,train
0499,102,train
0500,102,train
0501,103,train
0502,103,train
0503,103,train
0504,103,train
0505,104,train
0506,104,train
0507,104,train
0508,104,train
0509,105,train
0510,105,train
0511,105,train
0512,105,train
0513,106,train
0514,106,train
0515,106,train
0516,106,train
0517,107,test
0518,107,test
0519,107,test
0520,107,test
0521,107,test
0522,108,test
0523,108,test
0524,109,train
0525,110,train
0526,110,train
0527,110,train
0528,110,train
0529,110,train
0530,110,train
0531,110,train
0532,110,train
0533,111,train
0534,111,train
0535,111,train
0536,111,train
0537,111,train
0538,111,train
0539,112,train
0540,112,train
0541,112,train
0542,113,train
0543,113,train
0544,113,train
0545,113,train
0546,114,test
0547,114,test
0548,114,test
0549,114,test
0550,115,train
0551,115,train
0552,115,train
0553,115,train
0554,116,train
0555,116,train
0556,116,train
0557,116,train
0558,116,train
0559,116,train
0560,116,train
0561,116,train
0562,117,val
0563,117,val
0564,117,val
0565,117,val
0566,118,train
0567,118,train
0568,118,train
0569,118,train
0570,119,train
0571,119,train
0572,119,train
0573,119,train
0574,120,train
0575,120,train
0576,120,train
0577,120,train
0578,121,train
0579,121,train
0580,121,train
0581,121,train
0582,121,train
0583,121,train
0584,121,train
0585,121,train
0586,122,train
0587,122,train
0588,122,train
0589,122,train
0590,123,train
0591,123,train
0592,123,train
0593,123,train
0594,124,train
0595,124,train
0596,124,train
0597,124,train
0598,124,train
0599,124,train
0600,124,train
0601,124,train
0602,125,train
0603,125,train
0604,125,train
0605,125,train
0606,126,train
0607,126,train
0608,126,train
0609,127,train
0610,128,train
0611,128,train
0612,128,train
0613,128,train
0614,128,train
0615,128,train
0616,128,train
0617,128,train
0618,129,test
0619,129,test
0620,130,train
0621,130,train
0622,131,train
0623,131,train
0624,132,train
0625,133,train
0626,134,train
0627,135,train
0628,136,train
0629,136,train
0630,137,val
0631,137,val
0632,138,train
0633,139,test
0634,139,test
0635,139,test
0636,139,test
0637,139,test
0638,139,test
0639,139,test
0640,139,test
0641,140,train
0642,140,train
0643,140,train
0644,140,train
0645,141,val
0646,141,val
0647,141,val
0648,141,val
0649,142,train
0650,142,train
0651,143,test
0652,143,test
0653,144,train
0654,144,train
0655,144,train
0656,144,train
0657,145,train
0658,145,train
0659,145,train
0660,145,train
0661,146,train
0662,146,train
0663,146,train
0664,146,train
0665,147,val
0666,147,val
0667,147,val
0668,147,val
0669,148,train
0670,148,train
0671,148,train
0672,149,train
0673,149,train
0674,149,train
0675,150,test
0676,150,test
0677,150,test
0678,151,test
0679,151,test
0680,151,test
0681,152,train
0682,152,train
0683,153,train
0684,154,test
0685,155,train
0686,155,train
0687,156,train
0688,156,train
0689,156,train
0690,156,train
0691,156,train
0692,156,train
0693,156,train
0694,156,train
0695,157,train
0696,157,train
0697,157,train
0698,157,train
0699,158,val
0700,158,val
0701,158,val
0702,158,val
0703,159,train
0704,159,train
0705,159,train
0706,159,train
0707,159,train
0708,159,train
0709,159,train
0710,159,train
0711,160,val
0712,160,val
0713,160,val
0714,160,val
0715,161,train
0716,161,train
0717,161,train
0718,161,train
0719,162,train
0720,162,train
0721,162,train
0722,162,train
0723,163,test
0724,163,test
0725,163,test
0726,163,test
0727,164,train
0728,165,train
0729,165,train
0730,165,train
0731,166,test
0732,166,test
0733,166,test
0734,166,test
0735,167,train
0736,167,train
0737,167,train
0738,167,train
0739,168,train
0740,168,train
0741,168,train
0742,168,train
0743,169,train
0744,169,train
0745,169,train
0746,169,train
0747,170,train
0748,170,train
0749,170,train
0750,170,train
0751,171,train
0752,171,train
0753,171,train
0754,171,train
0755,172,train
0756,172,train
0757,172,train
0758,172,train
0759,173,test
0760,173,test
0761,173,test
0762,173,test
0763,174,train
0764,174,train
0765,174,train
0766,174,train
0767,175,train
0768,175,train
0769,175,train
0770,175,train
0771,176,train
0772,176,train
0773,176,train
0774,176,train
0775,177,train
0776,177,train
0777,177,train
0778,177,train
0779,178,val
0780,178,val
0781,178,val
0783,179,test
0784,179,test
0785,179,test
0786,179,test
0787,180,val
0788,180,val
0789,180,val
0790,180,val
0791,181,train
0792,181,train
0793,181,train
0794,181,train
0795,182,train
0796,182,train
0797,183,test
0798,183,test
0799,183,test
0800,183,test
0801,183,test
0802,184,train
0803,184,train
0804,185,train
0805,185,train
0806,185,train
0807,185,train
0808,186,train
0809,186,train
0810,186,train
0811,186,train
0812,187,train
0813,187,train
0814,187,train
0815,187,train
0816,188,test
0817,188,test
0818,188,test
0819,188,test
0820,189,test
0821,189,test
0822,189,test
0823,189,test
0824,189,test
0825,189,test
0826,189,test
0827,189,test
0828,190,train
0829,190,train
0830,190,train
0831,190,train
0832,191,train
0833,191,train
0834,191,train
0835,191,train
0836,192,train
0837,192,train
0838,192,train
0839,192,train
0840,193,train
0841,193,train
0842,193,train
0843,193,train
0844,194,val
0845,194,val
0846,194,val
0847,194,val
0848,195,train
0849,195,train
0850,195,train
0851,195,train
0852,195,train
0853,195,train
0854,196,train
0855,196,train
0856,196,train
0857,197,train
0858,197,train
0859,197,train
0860,198,train
0861,198,train
0862,198,train
0863,198,train
0864,199,val
0865,199,val
0866,199,val
0867,199,val
0868,200,train
0869,200,train
0870,200,train
0871,200,train
0872,201,train
0873,201,train
0874,201,train
0875,201,train
0876,202,train
0877,202,train
0878,202,train
0879,202,train
0880,203,train
0881,203,train
0882,203,train
0883,203,train
0884,204,train
0885,205,train
0886,205,train
0887,205,train
0888,206,train
0889,206,train
0890,206,train
0891,206,train
0892,207,train
0893,207,train
0894,208,train
0895,209,train
0896,209,train
0897,209,train
0898,210,train
0899,210,train
0900,210,train
0901,210,train
0902,210,train
0903,210,train
0904,210,train
0905,210,train
0906,210,train
0907,210,train
0908,211,val
0909,211,val
0910,212,train
0911,212,train
0912,212,train
0913,212,train
0914,213,train
0915,213,train
0916,213,train
0917,213,train
0918,214,val
0919,214,val
0920,214,val
0921,214,val
0922,215,val
0923,215,val
0924,215,val
0925,215,val
0926,215,val
0927,215,val
0928,215,val
0929,215,val
0930,216,train
0931,216,train
0932,216,train
0933,216,train
0934,217,train
0935,217,train
0936,217,train
0937,217,train
0938,218,val
0939,218,val
0940,218,val
0941,218,val
0942,219,train
0943,219,train
0944,219,train
0945,219,train
0946,220,train
0947,220,train
0948,220,train
0949,220,train
1000,221,test
1001,222,train
1002,222,train
1003,222,train
1004,223,train
1005,223,train
1006,223,train
1007,223,train
1008,223,train
1009,223,train
1010,224,val
1011,224,val
1012,224,val
1013,225,train
1014,225,train
1015,225,train
1016,225,train
1017,226,train
1018,227,train
1019,227,train
1020,227,train
1021,227,train
1022,228,train
1023,228,train
1024,228,train
1025,229,train
1026,229,train
1027,230,test
1028,230,test
1029,231,test
1030,231,test
1031,232,train
1032,232,train
1033,233,train
1034,233,train
