pcd_id,cx,cy,theta,opening,jaw,correct
0129,92.02,132.13,77.69,21.65,11.22,1
0130,84.23,137.69,-62.98,22.02,11.83,1
0131,86.41,138.33,-4.97,22.52,10.99,1
0132,91.18,142.45,-89.80,17.99,8.81,1
0133,92.15,132.30,88.46,22.81,10.73,0
0134,90.67,150.19,-86.55,17.86,11.99,0
0135,86.51,146.53,84.60,21.05,11.51,0
0136,90.51,144.75,-16.66,26.69,15.65,0
0137,86.51,114.90,1.43,31.08,14.00,1
0138,91.04,131.36,-2.43,33.89,16.10,1
0139,82.64,124.97,84.61,32.71,16.95,1
0140,89.28,136.76,-87.98,34.19,16.19,1
0176,103.79,151.14,74.99,20.04,11.28,1
0177,96.04,135.96,-85.04,20.00,9.73,1
0178,85.38,135.56,6.56,19.81,9.34,1
0179,83.45,136.81,-84.40,19.22,9.21,1
0180,78.90,133.33,-12.81,23.31,11.97,1
0181,85.08,139.28,-88.31,28.78,12.84,1
0182,84.01,140.08,-10.18,31.25,15.23,1
0183,77.70,149.88,35.19,29.93,14.21,1
0184,84.65,140.78,-10.46,31.81,15.55,1
0193,91.70,131.35,-84.98,18.32,10.60,1
0194,85.95,138.17,-82.15,17.36,11.82,0
0195,88.42,137.78,-82.56,18.43,8.87,1
0196,88.67,136.69,-88.73,19.28,10.33,0
0199,86.66,128.25,-14.28,23.08,12.43,1
0213,90.18,136.59,-89.72,24.42,11.76,1
0214,92.21,139.00,-8.00,22.25,10.40,1
0215,101.70,144.54,-88.04,21.04,10.15,1
0216,91.46,144.04,-10.59,25.32,13.80,1
0284,115.41,134.79,83.00,28.70,15.36,1
0285,121.79,132.08,-30.14,31.56,16.61,1
0286,123.74,137.60,-6.03,25.26,12.07,1
0287,115.37,127.65,89.43,26.50,14.44,1
0299,126.06,135.61,57.51,33.44,16.78,1
0300,107.76,135.15,-6.70,26.03,12.41,1
0301,109.19,140.64,87.01,25.75,13.14,1
0302,111.69,133.04,82.32,25.60,13.18,1
0303,106.97,135.91,-6.62,20.35,10.36,1
0304,112.47,131.79,-14.30,25.91,13.17,1
0305,112.86,138.94,61.26,26.37,13.63,1
0306,116.98,133.83,86.84,25.46,12.05,1
0307,115.40,131.69,-2.72,23.07,11.41,1
0308,111.70,137.24,86.43,23.43,10.86,1
0309,111.42,140.20,-7.27,28.62,13.98,1
0310,117.92,131.99,-88.43,24.54,11.76,1
0311,116.36,138.07,-8.54,19.86,10.33,1
0316,121.54,120.17,4.97,32.66,14.81,0
0324,112.63,123.80,86.71,28.03,17.97,0
0347,112.08,126.65,62.63,24.75,14.66,0
0348,103.01,124.42,69.40,26.95,14.52,0
0349,108.63,124.02,-17.30,34.93,16.40,1
0350,102.51,129.29,-14.01,31.38,17.40,1
0351,110.41,130.90,-5.35,38.64,16.54,1
0352,109.42,131.27,56.39,41.73,22.42,1
0517,115.01,149.79,75.90,28.79,14.58,1
0518,110.72,130.60,-17.34,26.49,14.89,1
0519,122.01,130.04,-36.87,17.95,10.91,0
0520,104.36,127.01,-4.52,21.31,13.26,0
0521,104.48,134.48,-63.07,35.64,17.17,1
0522,102.05,130.43,-5.92,27.97,13.25,1
0523,109.72,129.26,81.63,31.75,15.97,1
0546,109.46,131.93,-88.36,25.71,13.74,1
0547,121.00,141.46,20.33,13.55,8.12,1
0548,116.33,138.40,-85.74,14.04,7.46,0
0549,106.09,147.33,-64.86,13.45,8.15,0
0618,100.10,125.15,-87.79,13.50,7.30,0
0619,105.14,153.49,68.05,22.68,13.09,1
0633,105.18,135.87,19.26,39.49,21.21,1
0634,119.67,121.03,-70.02,38.43,19.02,1
0635,113.86,120.00,-15.88,32.81,18.18,1
0636,103.98,108.87,83.35,38.31,18.86,1
0637,102.21,127.84,-88.25,28.68,13.98,1
0638,101.09,120.38,-18.59,23.77,13.23,1
0639,96.44,117.41,-60.38,48.47,23.50,1
0640,93.63,125.64,-83.56,46.65,23.05,1
0651,97.41,127.50,88.88,24.35,12.40,1
0652,99.11,122.14,-7.81,23.85,13.02,1
0675,98.91,110.96,28.66,35.85,20.43,0
0676,101.84,110.11,-17.73,31.98,18.50,1
0677,108.08,112.35,-87.43,36.99,18.79,1
0678,110.10,132.50,-21.30,42.44,22.73,1
0679,108.64,135.93,-4.99,24.71,12.50,1
0680,106.61,134.80,80.87,31.19,17.11,1
0684,106.55,137.41,-9.91,25.51,13.44,1
0723,111.09,134.13,-8.93,37.44,17.97,1
0724,104.39,142.01,76.06,39.09,19.46,1
0725,110.75,141.06,-64.78,42.30,21.27,1
0726,107.68,138.65,32.39,38.06,20.38,1
0731,110.03,116.85,84.60,33.47,17.00,1
0732,101.05,122.37,-49.58,37.98,18.93,1
0733,106.40,127.84,-11.83,35.04,19.61,1
0734,99.06,129.56,-88.95,40.50,19.75,1
0759,101.73,105.71,9.83,26.67,14.11,1
0760,108.87,124.63,79.08,23.16,12.63,1
0761,101.55,124.35,-18.13,20.95,12.66,1
0762,101.34,124.93,-21.66,16.88,10.77,0
0783,98.98,120.91,-89.49,21.63,10.64,1
0784,98.27,126.97,-41.71,24.90,12.50,1
0785,111.27,129.08,25.92,25.87,13.28,1
0786,108.93,119.52,80.36,21.17,10.91,1
0797,98.89,127.43,82.78,29.04,14.00,1
0798,92.43,134.12,-3.69,25.73,11.63,1
0799,106.40,131.86,-56.14,27.97,14.57,1
0800,104.94,144.98,-13.65,29.65,14.88,1
0801,101.47,115.30,-73.80,24.00,15.31,0
0816,101.99,130.15,-12.07,26.52,14.72,1
0817,112.61,122.47,-74.88,33.21,17.62,1
0818,112.32,133.32,14.43,28.03,15.17,1
0819,113.64,129.49,-27.42,31.19,16.09,1
0820,106.16,131.21,6.05,42.96,19.94,1
0821,104.30,131.63,6.25,42.40,20.33,1
0822,102.99,133.92,0.41,40.25,19.60,1
0823,96.01,130.71,-0.98,42.86,22.26,1
0824,111.21,114.30,-60.68,41.18,21.98,1
0825,110.81,122.01,22.85,33.66,19.21,1
0826,121.62,114.76,-60.26,35.40,17.94,1
0827,119.38,116.12,83.27,37.31,20.03,1
1000,77.76,164.66,-27.50,25.59,14.82,1
1027,76.73,170.84,-5.26,27.05,15.06,1
1028,75.67,173.15,-25.25,26.12,14.76,1
1029,67.32,167.65,5.99,24.07,11.88,0
1030,62.98,166.49,-31.43,26.61,14.51,1
