pcd_id,repeat,outcome,cx,cy,theta,opening,jaw,best_iou,angle_err,correct
0129,0,ok,295.00,240.00,0.00,110.00,30.00,0.000,180.0,0
0129,1,ok,318.00,271.00,0.00,40.00,20.00,0.143,84.3,0
0129,2,ok,330.00,250.00,0.00,60.00,20.00,0.000,180.0,0
0129,3,ok,310.00,250.00,0.00,70.00,30.00,0.014,82.2,0
0129,4,ok,310.00,240.00,0.00,180.00,20.00,0.000,180.0,0
0130,0,ok,345.00,240.00,0.00,50.00,20.00,0.000,180.0,0
0130,1,ok,345.00,250.00,0.00,50.00,20.00,0.000,180.0,0
0130,2,ok,300.00,260.00,0.00,40.00,30.00,0.150,59.4,0
0130,3,ok,320.00,245.00,26.57,67.08,30.00,0.031,86.0,0
0130,4,ok,337.50,270.00,-41.63,60.21,20.00,0.000,180.0,0
0131,0,ok,320.00,253.00,0.00,50.00,20.00,0.000,180.0,0
0131,1,ok,305.00,200.00,0.00,10.00,10.00,0.000,180.0,0
0131,2,ok,320.00,231.00,0.00,50.00,20.00,0.000,180.0,0
0131,3,ok,340.00,245.00,0.00,50.00,20.00,0.000,180.0,0
0131,4,ok,330.00,250.00,0.00,50.00,20.00,0.000,180.0,0
0132,0,ok,345.00,300.00,0.00,90.00,30.00,0.111,88.0,0
0132,1,ok,290.00,320.00,0.00,100.00,20.00,0.049,88.0,0
0132,2,ok,320.00,340.00,0.00,50.00,25.00,0.000,180.0,0
0132,3,ok,324.00,261.00,0.00,100.00,20.00,0.000,180.0,0
0132,4,ok,300.00,280.00,0.00,80.00,20.00,0.044,88.0,0
0133,0,ok,320.00,280.00,0.00,40.00,20.00,0.113,71.8,0
0133,1,ok,320.00,250.00,0.00,40.00,15.00,0.000,180.0,0
0133,2,ok,295.00,250.00,0.00,50.00,25.00,0.035,71.8,0
0133,3,ok,320.00,220.00,0.00,60.00,30.00,0.000,180.0,0
0133,4,ok,320.00,240.00,0.00,40.00,30.00,0.000,180.0,0
0134,0,ok,320.00,240.00,0.00,60.00,20.00,0.000,180.0,0
0134,1,ok,320.00,240.00,0.00,60.00,30.00,0.006,86.0,0
0134,2,ok,320.00,280.00,0.00,100.00,20.00,0.000,180.0,0
0134,3,ok,325.00,235.00,0.00,20.00,20.00,0.000,180.0,0
0134,4,ok,320.00,220.00,0.00,30.00,20.00,0.000,180.0,0
0135,0,ok,305.00,260.00,0.00,70.00,20.00,0.109,2.5,0
0135,1,ok,340.00,240.00,0.00,80.00,20.00,0.000,180.0,0
0135,2,ok,335.00,260.00,0.00,50.00,30.00,0.161,2.5,0
0135,3,ok,320.00,260.00,0.00,30.00,30.00,0.254,2.5,1
0135,4,ok,320.00,250.00,0.00,20.00,20.00,0.008,2.5,0
0136,0,ok,320.00,254.00,0.00,10.00,20.00,0.000,180.0,0
0136,1,ok,320.00,290.00,0.00,40.00,30.00,0.100,16.6,0
0136,2,ok,325.00,260.00,0.00,30.00,30.00,0.000,180.0,0
0136,3,ok,322.50,220.00,0.00,35.00,20.00,0.000,180.0,0
0136,4,ok,302.00,212.00,0.00,36.00,20.00,0.000,180.0,0
0137,0,ok,320.00,240.00,0.00,140.00,30.00,0.238,11.0,0
0137,1,ok,320.00,200.00,0.00,80.00,30.00,0.040,4.1,0
0137,2,ok,320.00,250.00,0.00,190.00,30.00,0.162,13.6,0
0137,3,ok,320.00,250.00,0.00,100.00,25.00,0.133,13.6,0
0137,4,ok,320.00,240.00,0.00,40.00,30.00,0.000,180.0,0
0138,0,ok,310.00,280.00,0.00,120.00,30.00,0.220,6.6,0
0138,1,ok,320.00,250.00,0.00,120.00,30.00,0.137,12.4,0
0138,2,ok,320.00,240.00,0.00,140.00,30.00,0.250,12.4,0
0138,3,ok,275.00,250.00,0.00,90.00,30.00,0.356,9.8,1
0138,4,ok,317.50,260.00,0.00,145.00,30.00,0.207,9.8,0
0139,0,ok,270.00,140.00,0.00,100.00,30.00,0.000,180.0,0
0139,1,ok,310.00,280.00,0.00,110.00,25.00,0.217,38.2,0
0139,2,ok,320.00,200.00,0.00,80.00,30.00,0.000,180.0,0
0139,3,ok,320.00,230.00,0.00,40.00,25.00,0.000,180.0,0
0139,4,ok,320.00,220.00,0.00,40.00,30.00,0.000,180.0,0
0140,0,ok,335.00,275.00,0.00,60.00,20.00,0.000,180.0,0
0140,1,ok,320.00,250.00,0.00,60.00,30.00,0.043,86.4,0
0140,2,ok,340.00,280.00,0.00,50.00,25.00,0.000,180.0,0
0140,3,ok,310.00,300.00,0.00,120.00,30.00,0.127,86.4,0
0140,4,ok,320.00,300.00,0.00,120.00,30.00,0.127,86.4,0
0176,0,ok,300.00,295.00,-51.34,64.03,20.00,0.210,51.5,0
0176,1,ok,315.00,330.00,-14.04,41.23,20.00,0.031,75.7,0
0176,2,ok,310.00,315.00,-9.46,60.83,25.00,0.195,86.7,0
0176,3,ok,330.00,320.00,0.00,60.00,20.00,0.296,61.7,0
0176,4,ok,320.00,230.00,0.00,40.00,20.00,0.000,180.0,0
0177,0,ok,345.00,270.00,0.00,60.00,20.00,0.105,77.9,0
0177,1,ok,320.00,265.00,-9.46,60.83,20.00,0.128,68.5,0
0177,2,ok,290.00,240.00,0.00,60.00,20.00,0.000,180.0,0
0177,3,ok,320.00,315.00,0.00,90.00,25.00,0.000,180.0,0
0177,4,ok,350.00,265.00,0.00,70.00,30.00,0.070,77.9,0
0178,0,ok,300.00,290.00,0.00,60.00,20.00,0.103,4.5,0
0178,1,ok,305.00,240.00,0.00,20.00,20.00,0.000,180.0,0
0178,2,ok,340.00,230.00,0.00,60.00,20.00,0.000,180.0,0
0178,3,ok,320.00,240.00,0.00,30.00,20.00,0.000,180.0,0
0178,4,ok,325.00,240.00,0.00,30.00,20.00,0.000,180.0,0
0179,0,ok,330.00,310.00,0.00,40.00,20.00,0.000,180.0,0
0179,1,ok,320.00,260.00,0.00,80.00,15.00,0.000,180.0,0
0179,2,ok,315.00,240.00,-14.04,41.23,20.00,0.000,180.0,0
0179,3,ok,333.00,263.00,0.00,22.00,20.00,0.000,180.0,0
0179,4,ok,340.00,245.00,0.00,50.00,20.00,0.000,180.0,0
0180,0,ok,320.00,226.00,3.58,32.06,25.00,0.000,180.0,0
0180,1,ok,325.00,240.00,0.00,30.00,20.00,0.000,180.0,0
0180,2,ok,320.00,250.00,0.00,40.00,20.00,0.000,180.0,0
0180,3,ok,315.00,280.00,0.00,50.00,30.00,0.000,180.0,0
0180,4,ok,325.00,240.00,0.00,30.00,30.00,0.000,180.0,0
0181,0,ok,295.00,300.00,0.00,150.00,20.00,0.150,88.7,0
0181,1,ok,315.00,270.00,0.00,110.00,25.00,0.001,83.1,0
0181,2,ok,325.00,275.00,0.00,190.00,30.00,0.034,85.2,0
0181,3,ok,315.00,250.00,0.00,50.00,35.00,0.000,180.0,0
0181,4,ok,345.00,340.00,0.00,150.00,30.00,0.034,83.1,0
0182,0,ok,320.00,220.00,0.00,200.00,30.00,0.000,180.0,0
0182,1,ok,320.00,260.00,0.00,100.00,40.00,0.021,7.8,0
0182,2,ok,320.00,240.00,0.00,220.00,30.00,0.000,180.0,0
0182,3,ok,320.00,320.00,0.00,80.00,20.00,0.009,8.8,0
0182,4,ok,315.00,240.00,0.00,170.00,20.00,0.000,180.0,0
0183,0,ok,325.00,235.00,23.20,76.16,30.00,0.000,180.0,0
0183,1,ok,310.00,320.00,0.00,60.00,30.00,0.196,35.9,0
0183,2,ok,314.00,242.50,-14.04,61.85,30.00,0.000,180.0,0
0183,3,ok,335.00,270.00,0.00,90.00,30.00,0.000,180.0,0
0183,4,ok,315.00,370.00,10.30,111.80,30.00,0.000,180.0,0
0184,0,ok,315.00,300.00,0.00,50.00,20.00,0.035,6.8,0
0184,1,ok,310.00,250.00,0.00,80.00,40.00,0.038,8.4,0
0184,2,ok,320.00,300.00,0.00,130.00,30.00,0.151,4.1,0
0184,3,ok,320.00,260.00,0.00,100.00,30.00,0.078,8.4,0
0184,4,ok,320.00,230.00,0.00,100.00,30.00,0.000,180.0,0
0193,0,ok,315.00,255.00,5.19,110.45,20.00,0.094,78.7,0
0193,1,ok,340.00,270.00,0.00,80.00,20.00,0.000,180.0,0
0193,2,ok,310.00,300.00,-18.43,63.25,20.00,0.203,87.6,0
0193,3,ok,305.00,245.00,8.13,70.71,20.00,0.013,81.6,0
0193,4,ok,310.00,280.00,0.00,60.00,30.00,0.074,74.0,0
0194,0,ok,330.00,270.00,0.00,40.00,20.00,0.000,180.0,0
0194,1,ok,330.00,270.00,0.00,40.00,20.00,0.000,180.0,0
0194,2,ok,320.00,260.00,0.00,40.00,20.00,0.000,180.0,0
0194,3,ok,297.50,270.00,0.00,55.00,25.00,0.250,76.5,0
0194,4,ok,320.00,235.00,-7.13,80.62,20.00,0.000,180.0,0
0195,0,ok,320.00,310.00,0.00,80.00,20.00,0.000,180.0,0
0195,1,ok,300.00,240.00,0.00,20.00,20.00,0.000,180.0,0
0195,2,ok,320.00,270.00,0.00,80.00,40.00,0.059,54.1,0
0195,3,ok,310.00,230.00,0.00,60.00,25.00,0.000,180.0,0
0195,4,ok,290.00,265.00,0.00,70.00,30.00,0.100,54.1,0
0196,0,ok,320.00,260.00,0.00,80.00,30.00,0.007,45.0,0
0196,1,ok,320.00,300.00,0.00,100.00,25.00,0.002,45.0,0
0196,2,ok,330.00,280.00,0.00,40.00,30.00,0.000,180.0,0
0196,3,ok,340.00,350.00,0.00,60.00,30.00,0.000,180.0,0
0196,4,ok,295.00,260.00,0.00,70.00,20.00,0.001,45.0,0
0199,0,ok,315.00,220.00,0.00,50.00,35.00,0.000,180.0,0
0199,1,ok,320.00,230.00,0.00,50.00,25.00,0.000,180.0,0
0199,2,ok,330.00,280.00,0.00,70.00,25.00,0.000,180.0,0
0199,3,ok,335.00,250.00,0.00,70.00,25.00,0.000,180.0,0
0199,4,ok,290.00,200.00,0.00,60.00,25.00,0.000,180.0,0
0213,0,ok,400.00,322.50,-6.97,90.67,20.00,0.000,180.0,0
0213,1,ok,330.00,250.00,18.43,63.25,25.00,0.000,180.0,0
0213,2,ok,300.00,290.00,0.00,60.00,30.00,0.458,88.1,0
0213,3,ok,405.00,260.00,0.00,90.00,20.00,0.000,180.0,0
0213,4,ok,315.00,270.00,0.00,40.00,20.00,0.039,88.1,0
0214,0,ok,365.00,230.00,0.00,70.00,30.00,0.000,180.0,0
0214,1,ok,340.00,240.00,0.00,50.00,30.00,0.000,180.0,0
0214,2,ok,340.00,240.00,-21.80,53.85,20.00,0.000,180.0,0
0214,3,ok,340.00,290.00,0.00,50.00,20.00,0.000,180.0,0
0214,4,ok,322.00,240.00,0.00,36.00,35.00,0.000,180.0,0
0215,0,ok,342.00,269.00,11.98,67.47,30.00,0.003,71.9,0
0215,1,ok,345.00,250.00,0.00,50.00,20.00,0.000,180.0,0
0215,2,ok,300.00,215.00,0.00,60.00,25.00,0.000,180.0,0
0215,3,ok,315.00,260.00,-21.80,53.85,20.00,0.000,180.0,0
0215,4,ok,326.00,242.00,-22.48,62.77,30.00,0.000,180.0,0
0216,0,ok,300.00,315.00,-9.46,60.83,20.00,0.203,7.4,0
0216,1,ok,360.00,270.00,0.00,60.00,20.00,0.000,180.0,0
0216,2,ok,335.00,270.00,0.00,70.00,20.00,0.039,37.4,0
0216,3,ok,325.00,260.00,0.00,60.00,15.00,0.184,37.4,0
0216,4,ok,330.00,200.00,0.00,60.00,20.00,0.000,180.0,0
0284,0,ok,315.00,310.00,0.00,170.00,30.00,0.138,81.5,0
0284,1,ok,320.00,280.00,0.00,110.00,30.00,0.240,79.3,0
0284,2,ok,320.00,240.00,0.00,180.00,20.00,0.000,180.0,0
0284,3,ok,320.00,265.00,0.00,50.00,30.00,0.183,79.3,0
0284,4,ok,325.00,260.00,0.00,90.00,30.00,0.079,79.3,0
0285,0,ok,379.00,260.00,0.00,130.00,20.00,0.281,33.2,0
0285,1,ok,285.00,220.00,0.00,70.00,30.00,0.000,180.0,0
0285,2,ok,320.00,240.00,0.00,60.00,20.00,0.075,33.2,0
0285,3,ok,300.00,250.00,0.00,100.00,30.00,0.119,33.2,0
0285,4,ok,320.00,300.00,0.00,60.00,30.00,0.436,30.7,0
0286,0,ok,320.00,240.00,0.00,140.00,40.00,0.143,10.9,0
0286,1,ok,302.50,315.00,0.00,165.00,30.00,0.183,3.6,0
0286,2,ok,320.00,255.00,0.00,20.00,20.00,0.000,180.0,0
0286,3,ok,320.00,265.00,0.00,40.00,25.00,0.085,5.9,0
0286,4,ok,350.00,230.00,0.00,100.00,20.00,0.024,10.9,0
0287,0,ok,320.00,270.00,0.00,120.00,25.00,0.229,86.3,0
0287,1,ok,320.00,250.00,0.00,60.00,25.00,0.206,88.8,0
0287,2,ok,320.00,245.00,0.00,100.00,30.00,0.108,86.3,0
0287,3,ok,320.00,240.00,0.00,80.00,30.00,0.075,88.8,0
0287,4,ok,320.00,200.00,0.00,100.00,25.00,0.000,180.0,0
0299,0,ok,320.00,220.00,0.00,80.00,30.00,0.000,180.0,0
0299,1,ok,340.00,320.00,0.00,100.00,30.00,0.125,51.6,0
0299,2,ok,270.00,250.00,0.00,100.00,20.00,0.000,180.0,0
0299,3,ok,320.00,240.00,29.05,102.96,30.00,0.000,180.0,0
0299,4,ok,320.00,240.00,0.00,80.00,30.00,0.004,46.5,0
0300,0,ok,320.00,310.00,0.00,30.00,30.00,0.407,10.9,1
0300,1,ok,320.00,250.00,0.00,80.00,20.00,0.000,180.0,0
0300,2,ok,320.00,240.00,0.00,80.00,30.00,0.000,180.0,0
0300,3,ok,320.00,240.00,0.00,20.00,20.00,0.000,180.0,0
0300,4,ok,317.50,245.00,0.00,75.00,40.00,0.004,13.2,0
0301,0,ok,320.00,340.00,0.00,60.00,20.00,0.000,180.0,0
0301,1,ok,325.00,320.00,0.00,70.00,30.00,0.160,87.5,0
0301,2,ok,320.00,250.00,0.00,120.00,30.00,0.000,180.0,0
0301,3,ok,355.00,240.00,0.00,70.00,20.00,0.000,180.0,0
0301,4,ok,340.00,240.00,0.00,60.00,20.00,0.000,180.0,0
0302,0,ok,320.00,260.00,0.00,60.00,20.00,0.100,80.4,0
0302,1,ok,320.00,240.00,0.00,60.00,30.00,0.000,180.0,0
0302,2,ok,340.00,280.00,0.00,60.00,30.00,0.326,76.7,0
0302,3,ok,320.00,240.00,0.00,60.00,20.00,0.000,180.0,0
0302,4,ok,320.00,270.00,0.00,100.00,30.00,0.169,80.4,0
0303,0,ok,320.00,240.00,0.00,40.00,20.00,0.000,180.0,0
0303,1,ok,320.00,290.00,0.00,110.00,25.00,0.264,6.9,1
0303,2,ok,320.00,240.00,0.00,40.00,20.00,0.000,180.0,0
0303,3,ok,335.00,230.00,0.00,50.00,30.00,0.000,180.0,0
0303,4,ok,320.00,240.00,0.00,40.00,30.00,0.000,180.0,0
0304,0,ok,320.00,280.00,0.00,100.00,30.00,0.303,17.5,1
0304,1,ok,295.00,260.00,0.00,110.00,30.00,0.156,17.5,0
0304,2,ok,345.00,240.00,0.00,60.00,30.00,0.000,180.0,0
0304,3,ok,320.00,330.00,0.00,100.00,35.00,0.000,180.0,0
0304,4,ok,400.00,250.00,0.00,50.00,20.00,0.000,180.0,0
0305,0,ok,295.00,310.00,0.00,120.00,30.00,0.149,58.1,0
0305,1,ok,326.00,290.00,0.00,56.00,30.00,0.420,52.1,0
0305,2,ok,305.00,270.00,0.00,70.00,30.00,0.126,52.6,0
0305,3,ok,295.00,265.00,23.20,76.16,35.00,0.009,29.4,0
0305,4,ok,330.00,280.00,-45.00,56.57,20.00,0.282,82.9,0
0306,0,ok,320.00,240.00,0.00,110.00,30.00,0.000,180.0,0
0306,1,ok,325.00,250.00,0.00,50.00,30.00,0.031,84.6,0
0306,2,ok,295.00,265.00,0.00,100.00,30.00,0.146,84.6,0
0306,3,ok,330.00,240.00,0.00,60.00,20.00,0.000,180.0,0
0306,4,ok,320.00,300.00,0.00,70.00,25.00,0.003,85.2,0
0307,0,ok,320.00,260.00,0.00,30.00,20.00,0.154,9.5,0
0307,1,ok,335.00,240.00,0.00,50.00,30.00,0.000,180.0,0
0307,2,ok,340.00,250.00,0.00,60.00,30.00,0.046,9.5,0
0307,3,ok,322.50,240.00,0.00,35.00,20.00,0.000,180.0,0
0307,4,ok,320.00,260.00,0.00,50.00,35.00,0.225,9.5,0
0308,0,ok,330.00,300.00,0.00,80.00,30.00,0.299,86.2,0
0308,1,ok,335.00,300.00,0.00,70.00,30.00,0.335,86.2,0
0308,2,ok,370.00,280.00,0.00,100.00,30.00,0.160,86.2,0
0308,3,ok,320.00,260.00,0.00,100.00,25.00,0.012,87.5,0
0308,4,ok,300.00,290.00,0.00,100.00,20.00,0.182,86.2,0
0309,0,ok,320.00,260.00,0.00,80.00,30.00,0.071,10.9,0
0309,1,ok,340.00,255.00,0.00,60.00,30.00,0.007,10.9,0
0309,2,ok,320.00,240.00,0.00,80.00,30.00,0.000,180.0,0
0309,3,ok,345.00,260.00,0.00,70.00,40.00,0.101,10.9,0
0309,4,ok,330.00,270.00,0.00,40.00,20.00,0.235,10.9,0
0310,0,ok,320.00,340.00,0.00,80.00,30.00,0.000,180.0,0
0310,1,ok,320.00,310.00,0.00,110.00,30.00,0.000,180.0,0
0310,2,ok,305.00,240.00,0.00,70.00,30.00,0.000,180.0,0
0310,3,ok,355.00,235.00,0.00,90.00,30.00,0.000,180.0,0
0310,4,ok,350.00,300.00,0.00,80.00,20.00,0.010,85.3,0
0311,0,ok,320.00,290.00,0.00,30.00,20.00,0.253,13.5,1
0311,1,ok,325.00,250.00,0.00,30.00,20.00,0.001,7.4,0
0311,2,ok,323.00,249.00,0.00,50.00,30.00,0.032,7.4,0
0311,3,ok,325.00,240.00,0.00,50.00,20.00,0.000,180.0,0
0311,4,ok,325.00,240.00,0.00,20.00,20.00,0.000,180.0,0
0316,0,ok,320.00,350.00,0.00,40.00,20.00,0.000,180.0,0
0316,1,ok,320.00,200.00,0.00,100.00,30.00,0.185,79.5,0
0316,2,ok,325.00,310.00,0.00,30.00,30.00,0.000,180.0,0
0316,3,ok,320.00,280.00,0.00,40.00,30.00,0.247,0.0,0
0316,4,ok,320.00,260.00,0.00,140.00,30.00,0.150,64.0,0
0324,0,ok,320.00,230.00,0.00,70.00,30.00,0.257,85.1,0
0324,1,ok,320.00,290.00,0.00,70.00,20.00,0.160,41.3,0
0324,2,ok,320.00,250.00,0.00,120.00,20.00,0.156,26.3,0
0324,3,ok,320.00,220.00,0.00,50.00,20.00,0.449,85.1,0
0324,4,ok,320.00,240.00,0.00,80.00,30.00,0.135,69.7,0
0347,0,ok,315.00,250.00,0.00,50.00,30.00,0.212,75.0,0
0347,1,parse_fail,,,,,,,,
0347,2,ok,297.50,280.00,0.00,65.00,25.00,0.258,68.5,0
0347,3,ok,340.00,270.00,0.00,50.00,20.00,0.137,84.6,0
0347,4,ok,310.00,300.00,0.00,100.00,25.00,0.073,68.5,0
0348,0,ok,335.00,270.00,0.00,50.00,20.00,0.221,55.3,0
0348,1,ok,320.00,250.00,0.00,40.00,30.00,0.215,2.5,0
0348,2,ok,318.00,291.00,-35.54,68.82,30.00,0.429,35.5,0
0348,3,ok,295.00,320.00,0.00,50.00,30.00,0.036,0.0,0
0348,4,ok,330.00,280.00,0.00,50.00,30.00,0.271,55.3,0
0349,0,ok,320.00,220.00,0.00,80.00,30.00,0.058,21.8,0
0349,1,ok,310.00,270.00,0.00,80.00,25.00,0.420,20.5,1
0349,2,ok,335.00,330.00,0.00,70.00,20.00,0.000,180.0,0
0349,3,ok,325.00,270.00,0.00,50.00,30.00,0.470,20.5,1
0349,4,ok,320.00,300.00,0.00,120.00,30.00,0.043,54.0,0
0350,0,ok,350.00,300.00,0.00,80.00,30.00,0.079,38.0,0
0350,1,ok,320.00,295.00,0.00,70.00,30.00,0.133,33.3,0
0350,2,ok,355.00,270.00,0.00,90.00,30.00,0.134,21.2,0
0350,3,ok,320.00,265.00,0.00,50.00,25.00,0.300,21.2,1
0350,4,ok,315.00,290.00,0.00,50.00,30.00,0.126,21.2,0
0351,0,ok,320.00,240.00,0.00,120.00,30.00,0.446,8.6,1
0351,1,ok,320.00,260.00,0.00,120.00,30.00,0.525,5.0,1
0351,2,ok,320.00,240.00,0.00,100.00,20.00,0.453,8.6,1
0351,3,ok,320.00,380.00,0.00,60.00,30.00,0.000,180.0,0
0351,4,ok,320.00,290.00,0.00,100.00,30.00,0.474,5.2,1
0352,0,ok,300.00,240.00,-8.13,141.42,30.00,0.191,57.2,0
0352,1,ok,280.00,270.00,0.00,80.00,30.00,0.327,50.0,0
0352,2,ok,280.00,240.00,0.00,100.00,30.00,0.277,49.1,0
0352,3,ok,300.00,240.00,0.00,80.00,30.00,0.328,49.1,0
0352,4,ok,320.00,240.00,0.00,140.00,30.00,0.211,49.1,0
0517,0,ok,335.00,250.00,0.00,60.00,30.00,0.029,87.9,0
0517,1,ok,320.00,300.00,0.00,80.00,30.00,0.304,71.6,0
0517,2,ok,300.00,250.00,0.00,100.00,30.00,0.040,87.9,0
0517,3,ok,300.00,300.00,0.00,140.00,25.00,0.193,71.6,0
0517,4,ok,330.00,240.00,0.00,60.00,30.00,0.000,180.0,0
0518,0,ok,320.00,220.00,0.00,40.00,30.00,0.072,4.6,0
0518,1,ok,362.50,250.00,0.00,115.00,30.00,0.096,4.6,0
0518,2,ok,320.00,240.00,0.00,50.00,30.00,0.171,4.6,0
0518,3,ok,340.00,220.00,0.00,80.00,25.00,0.127,4.6,0
0518,4,ok,320.00,250.00,0.00,80.00,25.00,0.119,4.6,0
0519,0,ok,315.00,250.00,0.00,70.00,30.00,0.224,60.6,0
0519,1,ok,336.50,252.00,0.00,57.00,30.00,0.196,60.6,0
0519,2,ok,280.00,315.00,-9.46,60.83,30.00,0.052,72.5,0
0519,3,ok,340.00,260.00,0.00,80.00,20.00,0.191,60.6,0
0519,4,ok,335.00,230.00,0.00,40.00,20.00,0.097,59.4,0
0520,0,ok,320.00,320.00,0.00,100.00,30.00,0.551,8.7,1
0520,1,ok,320.00,250.00,0.00,60.00,20.00,0.000,180.0,0
0520,2,ok,320.00,270.00,0.00,70.00,30.00,0.347,3.8,1
0520,3,ok,350.00,280.00,0.00,80.00,30.00,0.305,3.8,1
0520,4,ok,330.00,250.00,0.00,60.00,20.00,0.000,180.0,0
0521,0,ok,320.00,260.00,0.00,100.00,25.00,0.244,36.0,0
0521,1,ok,320.00,220.00,0.00,80.00,30.00,0.001,65.0,0
0521,2,ok,320.00,260.00,0.00,100.00,30.00,0.273,36.0,0
0521,3,ok,320.00,260.00,0.00,100.00,20.00,0.207,36.0,0
0521,4,ok,300.00,290.00,0.00,100.00,30.00,0.485,4.9,1
0522,0,ok,320.00,245.00,0.00,30.00,30.00,0.268,2.0,1
0522,1,ok,325.00,240.00,0.00,50.00,25.00,0.152,2.0,0
0522,2,ok,327.50,240.00,0.00,35.00,35.00,0.146,2.0,0
0522,3,ok,335.00,240.00,0.00,50.00,20.00,0.083,2.0,0
0522,4,ok,320.00,220.00,0.00,40.00,30.00,0.000,180.0,0
0523,0,ok,325.00,285.00,8.13,70.71,20.00,0.105,65.0,0
0523,1,ok,295.00,250.00,0.00,50.00,30.00,0.347,85.0,0
0523,2,ok,320.00,250.00,36.87,100.00,30.00,0.390,48.1,0
0523,3,ok,325.00,280.00,0.00,50.00,20.00,0.222,73.2,0
0523,4,ok,320.00,270.00,-9.46,60.83,20.00,0.386,82.6,0
0546,0,ok,390.00,300.00,0.00,100.00,30.00,0.276,75.6,0
0546,1,ok,355.00,300.00,0.00,90.00,30.00,0.273,75.6,0
0546,2,ok,370.00,240.00,0.00,60.00,20.00,0.092,75.6,0
0546,3,ok,345.00,275.00,8.13,70.71,20.00,0.302,82.8,0
0546,4,ok,325.00,250.00,0.00,90.00,25.00,0.135,83.9,0
0547,0,ok,340.00,240.00,0.00,40.00,20.00,0.248,10.3,0
0547,1,ok,335.00,180.00,-36.87,50.00,20.00,0.000,180.0,0
0547,2,ok,320.00,240.00,0.00,80.00,30.00,0.182,10.3,0
0547,3,ok,320.00,265.00,-9.46,60.83,30.00,0.436,41.4,0
0547,4,ok,325.00,240.00,21.80,53.85,30.00,0.140,10.1,0
0548,0,ok,350.00,290.00,-26.57,89.44,20.00,0.255,68.5,0
0548,1,ok,295.00,237.50,36.87,25.00,20.00,0.000,36.1,0
0548,2,ok,292.50,277.50,-5.19,55.23,30.00,0.379,78.2,0
0548,3,ok,300.00,300.00,0.00,80.00,30.00,0.143,73.9,0
0548,4,ok,300.00,250.00,-26.57,44.72,30.00,0.102,66.5,0
0549,0,ok,315.00,282.50,22.62,65.00,20.00,0.158,58.8,0
0549,1,ok,292.50,327.50,-29.05,51.48,30.00,0.451,13.2,1
0549,2,ok,305.00,325.00,-26.57,67.08,30.00,0.315,31.1,1
0549,3,ok,290.00,375.00,-16.70,104.40,35.00,0.000,180.0,0
0549,4,ok,330.00,275.00,8.13,70.71,40.00,0.165,44.3,0
0618,0,ok,310.00,245.00,0.00,40.00,20.00,0.447,88.4,0
0618,1,ok,320.00,340.00,0.00,80.00,20.00,0.000,180.0,0
0618,2,ok,325.00,220.00,0.00,30.00,20.00,0.141,88.4,0
0618,3,ok,285.00,280.00,0.00,80.00,25.00,0.293,2.9,1
0618,4,ok,320.00,210.00,-23.96,98.49,30.00,0.034,67.7,0
0619,0,ok,325.00,225.00,0.00,60.00,25.00,0.000,180.0,0
0619,1,ok,320.00,300.00,0.00,60.00,20.00,0.295,71.1,0
0619,2,ok,267.50,325.00,0.00,65.00,25.00,0.345,37.7,0
0619,3,ok,320.00,290.00,0.00,100.00,30.00,0.133,63.9,0
0619,4,ok,290.00,300.00,0.00,100.00,20.00,0.209,63.9,0
0633,0,ok,307.50,266.00,-23.30,70.77,25.00,0.281,49.9,0
0633,1,ok,252.50,270.00,-77.91,71.59,30.00,0.082,81.6,0
0633,2,ok,295.00,255.00,-18.43,126.49,40.00,0.460,38.9,0
0633,3,ok,305.00,255.00,-36.87,50.00,30.00,0.259,57.4,0
0633,4,ok,320.00,255.00,-6.34,90.55,20.00,0.267,26.8,1
0634,0,ok,312.50,290.00,0.00,35.00,25.00,0.183,76.0,0
0634,1,ok,320.00,300.00,0.00,120.00,30.00,0.219,67.7,0
0634,2,ok,320.00,300.00,0.00,80.00,35.00,0.286,67.7,0
0634,3,ok,315.00,250.00,0.00,50.00,30.00,0.280,67.7,0
0634,4,ok,325.00,265.00,-6.34,90.55,40.00,0.351,61.4,0
0635,0,ok,325.00,220.00,0.00,30.00,30.00,0.276,16.5,1
0635,1,ok,315.00,290.00,0.00,50.00,30.00,0.560,26.1,1
0635,2,ok,320.00,240.00,0.00,80.00,30.00,0.460,24.4,1
0635,3,ok,345.00,270.00,0.00,50.00,15.00,0.232,27.6,0
0635,4,ok,317.00,305.00,0.00,40.00,20.00,0.104,26.1,0
0636,0,ok,325.00,285.00,11.31,50.99,25.00,0.125,73.8,0
0636,1,ok,270.00,250.00,50.19,78.10,30.00,0.441,28.8,1
0636,2,ok,275.00,240.00,0.00,90.00,25.00,0.268,56.3,0
0636,3,ok,250.00,240.00,29.74,80.62,30.00,0.348,49.3,0
0636,4,ok,300.00,250.00,26.57,89.44,20.00,0.237,58.6,0
0637,0,ok,320.00,210.00,0.00,200.00,30.00,0.000,180.0,0
0637,1,ok,320.00,230.00,0.00,50.00,30.00,0.099,86.6,0
0637,2,ok,300.00,225.00,0.00,100.00,20.00,0.042,82.1,0
0637,3,ok,315.00,220.00,0.00,130.00,25.00,0.016,82.1,0
0637,4,ok,270.00,240.00,0.00,100.00,30.00,0.187,82.1,0
0638,0,ok,320.00,245.00,0.00,20.00,20.00,0.086,27.1,0
0638,1,ok,320.00,240.00,0.00,20.00,30.00,0.108,22.3,0
0638,2,ok,320.00,240.00,0.00,80.00,30.00,0.259,27.1,1
0638,3,ok,322.50,250.00,0.00,25.00,25.00,0.158,27.1,0
0638,4,ok,310.00,240.00,-90.00,40.00,20.00,0.143,62.9,0
0639,0,ok,345.00,240.00,0.00,50.00,30.00,0.355,63.0,0
0639,1,ok,335.00,300.00,-15.95,72.80,30.00,0.059,48.0,0
0639,2,ok,310.00,235.00,-23.20,76.16,25.00,0.420,39.6,0
0639,3,ok,325.00,250.00,0.00,150.00,30.00,0.232,62.8,0
0639,4,ok,315.00,230.00,0.00,130.00,20.00,0.196,62.8,0
0640,0,ok,345.00,215.00,-18.43,94.87,25.00,0.080,71.6,0
0640,1,ok,320.00,280.00,0.00,40.00,25.00,0.290,46.0,0
0640,2,ok,315.00,283.00,0.00,130.00,30.00,0.161,90.0,0
0640,3,ok,330.00,320.00,0.00,80.00,30.00,0.054,90.0,0
0640,4,ok,310.00,260.00,8.13,141.42,40.00,0.200,80.4,0
0651,0,ok,320.00,240.00,0.00,50.00,30.00,0.051,88.8,0
0651,1,ok,340.00,230.00,0.00,60.00,30.00,0.000,180.0,0
0651,2,ok,260.00,270.00,0.00,40.00,20.00,0.253,90.0,0
0651,3,ok,320.00,254.00,0.00,70.00,30.00,0.203,88.8,0
0651,4,ok,320.00,230.00,0.00,40.00,20.00,0.000,180.0,0
0652,0,ok,320.00,290.00,0.00,40.00,20.00,0.050,2.7,0
0652,1,ok,320.00,260.00,0.00,20.00,20.00,0.104,5.4,0
0652,2,ok,320.00,240.00,0.00,40.00,20.00,0.291,0.0,1
0652,3,ok,320.00,240.00,0.00,20.00,20.00,0.203,0.0,0
0652,4,ok,320.00,250.00,0.00,60.00,30.00,0.251,0.0,1
0675,0,ok,295.00,220.00,0.00,100.00,30.00,0.129,32.2,0
0675,1,ok,320.00,220.00,0.00,60.00,30.00,0.141,0.0,0
0675,2,ok,320.00,220.00,0.00,100.00,20.00,0.114,0.0,0
0675,3,ok,320.00,250.00,0.00,90.00,30.00,0.544,19.1,1
0675,4,ok,335.00,210.00,0.00,50.00,30.00,0.070,0.0,0
0676,0,ok,320.00,300.00,0.00,80.00,30.00,0.000,180.0,0
0676,1,ok,320.00,250.00,0.00,60.00,20.00,0.299,77.7,0
0676,2,ok,345.00,270.00,0.00,60.00,30.00,0.057,52.5,0
0676,3,ok,320.00,270.00,0.00,70.00,30.00,0.087,79.0,0
0676,4,ok,320.00,330.00,0.00,60.00,20.00,0.000,180.0,0
0677,0,ok,290.00,230.00,0.00,50.00,30.00,0.299,12.3,1
0677,1,ok,290.00,260.00,0.00,140.00,30.00,0.202,84.5,0
0677,2,ok,320.00,259.00,2.05,56.04,30.00,0.316,86.6,0
0677,3,ok,335.00,270.00,0.00,70.00,30.00,0.231,84.5,0
0677,4,ok,360.00,270.00,0.00,80.00,30.00,0.133,84.5,0
0678,0,ok,320.00,240.00,0.00,80.00,20.00,0.052,88.0,0
0678,1,ok,320.00,255.00,-90.00,70.00,25.00,0.416,2.0,1
0678,2,ok,320.00,300.00,0.00,80.00,20.00,0.321,9.9,1
0678,3,ok,320.00,263.00,0.00,110.00,30.00,0.172,45.0,0
0678,4,ok,320.00,252.00,0.00,70.00,30.00,0.167,88.0,0
0679,0,ok,320.00,315.00,0.00,70.00,20.00,0.388,3.0,1
0679,1,ok,315.00,220.00,-90.00,40.00,40.00,0.000,180.0,0
0679,2,ok,320.00,240.00,0.00,40.00,20.00,0.000,180.0,0
0679,3,ok,320.00,240.00,0.00,20.00,20.00,0.000,180.0,0
0679,4,ok,320.00,240.00,0.00,14.00,25.00,0.000,180.0,0
0680,0,ok,337.00,257.00,1.97,58.03,20.00,0.112,86.9,0
0680,1,ok,320.00,230.00,0.00,50.00,20.00,0.000,180.0,0
0680,2,ok,335.00,270.00,0.00,40.00,20.00,0.306,59.2,0
0680,3,ok,320.00,250.00,0.00,50.00,20.00,0.034,88.9,0
0680,4,ok,320.00,240.00,0.00,60.00,20.00,0.000,180.0,0
0684,0,ok,320.00,250.00,0.00,40.00,20.00,0.107,69.4,0
0684,1,ok,320.00,240.00,0.00,20.00,20.00,0.011,69.4,0
0684,2,ok,320.00,240.00,0.00,30.00,30.00,0.049,69.4,0
0684,3,ok,322.50,230.00,0.00,25.00,25.00,0.000,180.0,0
0684,4,ok,320.00,240.00,0.00,20.00,20.00,0.011,69.4,0
0723,0,ok,320.00,260.00,0.00,80.00,30.00,0.596,7.3,1
0723,1,ok,310.00,320.00,0.00,120.00,25.00,0.479,9.0,1
0723,2,ok,320.00,335.00,0.00,120.00,30.00,0.343,5.5,1
0723,3,ok,310.00,275.00,0.00,100.00,30.00,0.437,14.2,1
0723,4,ok,320.00,240.00,0.00,70.00,25.00,0.242,7.3,0
0724,0,ok,300.00,250.00,0.00,150.00,30.00,0.058,78.4,0
0724,1,ok,315.00,260.00,0.00,80.00,25.00,0.155,78.4,0
0724,2,ok,325.00,300.00,0.00,150.00,30.00,0.182,74.6,0
0724,3,ok,320.00,250.00,0.00,100.00,30.00,0.076,78.4,0
0724,4,ok,310.00,250.00,0.00,100.00,20.00,0.073,76.3,0
0725,0,ok,325.00,250.00,23.96,98.49,30.00,0.152,89.5,0
0725,1,ok,280.00,250.00,0.00,120.00,30.00,0.109,65.6,0
0725,2,ok,300.00,280.00,0.00,100.00,30.00,0.243,65.6,0
0725,3,ok,317.50,270.00,0.00,85.00,30.00,0.270,65.6,0
0725,4,ok,320.00,280.00,0.00,100.00,30.00,0.245,65.6,0
0726,0,ok,320.00,250.00,0.00,90.00,25.00,0.097,37.1,0
0726,1,ok,320.00,260.00,0.00,80.00,30.00,0.260,37.1,0
0726,2,ok,320.00,275.00,8.13,70.71,40.00,0.380,28.9,1
0726,3,ok,315.00,290.00,0.00,50.00,30.00,0.372,34.0,0
0726,4,ok,320.00,290.00,0.00,100.00,30.00,0.374,34.0,0
0731,0,ok,270.00,240.00,0.00,40.00,30.00,0.270,82.2,0
0731,1,ok,330.00,235.00,0.00,60.00,20.00,0.220,88.4,0
0731,2,ok,325.00,250.00,0.00,50.00,30.00,0.331,88.4,0
0731,3,ok,305.00,220.00,0.00,70.00,20.00,0.197,86.1,0
0731,4,ok,365.00,240.00,0.00,80.00,30.00,0.244,89.1,0
0732,0,ok,400.00,275.00,-7.13,80.62,30.00,0.004,50.6,0
0732,1,ok,320.00,220.00,0.00,80.00,30.00,0.321,58.1,0
0732,2,ok,340.00,280.00,0.00,40.00,20.00,0.049,52.4,0
0732,3,ok,300.00,240.00,0.00,40.00,30.00,0.275,52.4,0
0732,4,ok,345.00,240.00,0.00,50.00,20.00,0.287,58.1,0
0733,0,ok,307.50,260.00,0.00,45.00,30.00,0.445,7.6,1
0733,1,ok,340.00,250.00,0.00,60.00,20.00,0.332,7.6,1
0733,2,ok,328.00,188.00,9.16,62.80,30.00,0.005,17.3,0
0733,3,ok,255.00,150.00,0.00,10.00,20.00,0.000,180.0,0
0733,4,ok,335.00,230.00,0.00,50.00,20.00,0.453,11.3,1
0734,0,ok,277.50,270.00,0.00,65.00,20.00,0.204,88.6,0
0734,1,ok,275.00,250.00,0.00,100.00,35.00,0.228,82.1,0
0734,2,ok,357.50,250.00,0.00,65.00,30.00,0.209,85.4,0
0734,3,ok,300.00,280.00,0.00,100.00,30.00,0.220,88.6,0
0734,4,ok,360.00,240.00,0.00,80.00,40.00,0.123,85.4,0
0759,0,ok,320.00,180.00,0.00,40.00,30.00,0.160,5.1,0
0759,1,ok,335.00,180.00,0.00,40.00,20.00,0.010,6.1,0
0759,2,ok,327.00,205.00,0.00,40.00,20.00,0.121,21.4,0
0759,3,ok,310.00,150.00,0.00,20.00,30.00,0.110,7.7,0
0759,4,ok,337.50,240.00,0.00,35.00,20.00,0.000,180.0,0
0760,0,ok,352.50,270.00,-15.95,36.40,20.00,0.255,79.1,0
0760,1,ok,280.00,275.00,51.34,64.03,20.00,0.319,27.9,1
0760,2,ok,385.00,280.00,0.00,50.00,30.00,0.322,84.2,0
0760,3,ok,330.00,305.00,-14.04,41.23,30.00,0.013,82.9,0
0760,4,ok,400.00,275.00,0.00,30.00,30.00,0.054,84.2,0
0761,0,ok,315.00,260.00,-75.96,41.23,20.00,0.436,46.6,0
0761,1,ok,335.00,220.00,0.00,50.00,20.00,0.491,21.4,1
0761,2,ok,335.00,290.00,0.00,40.00,20.00,0.000,29.4,0
0761,3,ok,305.00,250.00,0.00,30.00,15.00,0.302,29.4,1
0761,4,ok,320.00,240.00,-18.43,63.25,20.00,0.362,0.9,1
0762,0,ok,325.00,220.00,0.00,30.00,20.00,0.317,16.9,1
0762,1,ok,380.00,300.00,0.00,40.00,20.00,0.000,180.0,0
0762,2,ok,315.00,145.00,0.00,30.00,15.00,0.000,180.0,0
0762,3,ok,305.00,280.00,0.00,70.00,20.00,0.438,33.8,0
0762,4,ok,320.00,290.00,-90.00,60.00,30.00,0.207,56.2,0
0783,0,ok,320.00,260.00,0.00,120.00,25.00,0.328,85.2,0
0783,1,ok,260.00,250.00,0.00,120.00,30.00,0.367,85.2,0
0783,2,ok,320.00,240.00,0.00,100.00,30.00,0.283,85.2,0
0783,3,ok,320.00,270.00,0.00,60.00,30.00,0.335,82.6,0
0783,4,ok,370.00,300.00,0.00,80.00,25.00,0.000,180.0,0
0784,0,ok,305.00,240.00,0.00,30.00,20.00,0.344,49.5,0
0784,1,ok,290.00,320.00,0.00,40.00,30.00,0.089,27.6,0
0784,2,ok,300.00,295.00,-23.20,76.16,30.00,0.371,4.4,1
0784,3,ok,325.00,240.00,0.00,50.00,20.00,0.185,49.5,0
0784,4,ok,295.00,300.00,0.00,50.00,20.00,0.233,27.6,0
0785,0,ok,335.00,320.00,0.00,50.00,40.00,0.373,34.0,0
0785,1,ok,320.00,240.00,0.00,60.00,20.00,0.424,3.9,1
0785,2,ok,315.00,310.00,-18.43,63.25,30.00,0.239,52.4,0
0785,3,ok,320.00,300.00,0.00,40.00,30.00,0.278,40.9,0
0785,4,ok,315.00,315.00,11.31,50.99,20.00,0.175,22.6,0
0786,0,ok,340.00,260.00,0.00,80.00,30.00,0.334,59.0,0
0786,1,ok,360.00,240.00,0.00,40.00,30.00,0.109,59.0,0
0786,2,ok,270.00,250.00,0.00,100.00,20.00,0.264,86.4,0
0786,3,ok,400.00,240.00,0.00,100.00,30.00,0.057,65.4,0
0786,4,ok,360.00,240.00,0.00,60.00,20.00,0.064,59.0,0
0797,0,ok,305.00,268.00,0.00,70.00,20.00,0.267,80.5,0
0797,1,ok,315.00,250.00,0.00,50.00,30.00,0.302,80.2,0
0797,2,ok,312.00,246.00,0.00,40.00,20.00,0.226,80.2,0
0797,3,ok,325.00,235.00,-18.43,31.62,30.00,0.038,81.3,0
0797,4,ok,330.00,280.00,33.69,36.06,30.00,0.048,50.7,0
0798,0,ok,320.00,270.00,0.00,30.00,20.00,0.099,6.8,0
0798,1,ok,345.00,300.00,0.00,70.00,25.00,0.010,1.6,0
0798,2,ok,320.00,280.00,0.00,30.00,30.00,0.114,6.8,0
0798,3,ok,320.00,295.00,0.00,30.00,20.00,0.041,1.6,0
0798,4,ok,320.00,270.00,0.00,40.00,15.00,0.125,6.8,0
0799,0,ok,295.00,350.00,-33.69,36.06,30.00,0.000,180.0,0
0799,1,ok,319.00,284.00,4.40,26.08,20.00,0.248,57.7,0
0799,2,ok,288.00,298.00,0.00,40.00,20.00,0.252,52.2,0
0799,3,ok,240.00,300.00,0.00,60.00,30.00,0.000,180.0,0
0799,4,ok,317.00,257.50,-5.71,50.25,20.00,0.288,55.6,0
0800,0,ok,320.00,320.00,0.00,50.00,30.00,0.442,19.5,1
0800,1,ok,320.00,330.00,0.00,70.00,25.00,0.387,17.2,1
0800,2,ok,330.00,330.00,0.00,60.00,30.00,0.298,17.2,1
0800,3,ok,290.00,300.00,0.00,90.00,30.00,0.322,14.6,1
0800,4,ok,325.00,340.00,0.00,40.00,20.00,0.167,17.2,0
0801,0,ok,320.00,270.00,0.00,100.00,30.00,0.328,53.7,0
0801,1,ok,320.00,240.00,0.00,120.00,25.00,0.376,0.0,1
0801,2,ok,320.00,200.00,0.00,110.00,25.00,0.172,86.6,0
0801,3,ok,320.00,220.00,0.00,90.00,20.00,0.380,86.6,0
0801,4,ok,320.00,240.00,0.00,60.00,30.00,0.302,45.0,1
0816,0,ok,310.00,240.00,0.00,60.00,20.00,0.178,61.2,0
0816,1,ok,310.00,215.00,0.00,50.00,30.00,0.001,61.2,0
0816,2,ok,320.00,240.00,0.00,60.00,30.00,0.215,61.2,0
0816,3,ok,320.00,250.00,0.00,60.00,40.00,0.388,23.6,1
0816,4,ok,320.00,260.00,0.00,60.00,20.00,0.424,16.1,1
0817,0,ok,320.00,220.00,0.00,40.00,30.00,0.086,87.3,0
0817,1,ok,320.00,220.00,0.00,40.00,25.00,0.063,87.3,0
0817,2,ok,320.00,240.00,0.00,40.00,20.00,0.280,87.3,0
0817,3,ok,335.00,235.00,0.00,54.00,30.00,0.176,87.3,0
0817,4,ok,295.00,285.00,0.00,90.00,20.00,0.247,47.9,0
0818,0,ok,320.00,240.00,0.00,40.00,20.00,0.208,88.1,0
0818,1,ok,320.00,240.00,0.00,60.00,30.00,0.192,88.1,0
0818,2,ok,320.00,220.00,0.00,60.00,30.00,0.008,50.8,0
0818,3,ok,325.00,290.00,0.00,30.00,30.00,0.272,88.1,0
0818,4,ok,320.00,240.00,0.00,60.00,20.00,0.173,88.1,0
0819,0,ok,320.00,235.00,0.00,20.00,20.00,0.114,65.6,0
0819,1,ok,320.00,250.00,0.00,40.00,20.00,0.330,44.3,0
0819,2,ok,340.00,255.00,0.00,50.00,20.00,0.405,0.0,1
0819,3,ok,320.00,230.00,0.00,70.00,30.00,0.073,65.6,0
0819,4,ok,330.00,250.00,0.00,40.00,20.00,0.315,44.3,0
0820,0,ok,320.00,240.00,0.00,50.00,30.00,0.149,87.8,0
0820,1,ok,320.00,240.00,0.00,70.00,30.00,0.176,87.8,0
0820,2,ok,320.00,240.00,0.00,40.00,20.00,0.104,87.8,0
0820,3,ok,320.00,245.00,0.00,100.00,30.00,0.209,87.8,0
0820,4,ok,320.00,245.00,0.00,30.00,30.00,0.155,87.8,0
0821,0,ok,320.00,240.00,0.00,90.00,30.00,0.238,67.2,0
0821,1,ok,320.00,235.00,0.00,30.00,30.00,0.128,67.2,0
0821,2,ok,320.00,237.00,0.00,80.00,25.00,0.200,84.1,0
0821,3,ok,320.00,240.00,0.00,100.00,30.00,0.238,67.2,0
0821,4,ok,325.00,270.00,0.00,50.00,30.00,0.341,4.9,1
0822,0,ok,330.00,240.00,0.00,60.00,20.00,0.142,49.9,0
0822,1,ok,325.00,250.00,0.00,50.00,30.00,0.303,49.9,0
0822,2,ok,320.00,260.00,0.00,100.00,40.00,0.534,12.5,1
0822,3,ok,325.00,240.00,0.00,90.00,35.00,0.198,49.9,0
0822,4,ok,320.00,230.00,0.00,60.00,30.00,0.090,49.9,0
0823,0,ok,300.00,240.00,0.00,80.00,30.00,0.248,88.8,0
0823,1,ok,315.00,260.00,0.00,50.00,30.00,0.452,14.4,1
0823,2,ok,320.00,280.00,0.00,40.00,30.00,0.387,8.2,1
0823,3,ok,315.00,250.00,0.00,50.00,30.00,0.302,14.4,1
0823,4,ok,320.00,240.00,0.00,70.00,40.00,0.210,62.5,0
0824,0,ok,310.00,240.00,0.00,60.00,30.00,0.473,36.3,1
0824,1,ok,320.00,260.00,0.00,80.00,35.00,0.480,0.0,1
0824,2,ok,340.00,240.00,0.00,50.00,30.00,0.312,36.3,1
0824,3,ok,320.00,250.00,0.00,70.00,30.00,0.661,0.0,1
0824,4,ok,320.00,240.00,0.00,80.00,25.00,0.409,36.3,1
0825,0,ok,320.00,260.00,0.00,60.00,20.00,0.384,18.0,1
0825,1,ok,320.00,250.00,0.00,50.00,30.00,0.640,33.4,1
0825,2,ok,330.00,220.00,0.00,60.00,30.00,0.218,86.1,0
0825,3,ok,320.00,235.00,0.00,30.00,30.00,0.303,33.4,0
0825,4,ok,320.00,230.00,0.00,80.00,30.00,0.242,86.1,0
0826,0,ok,320.00,280.00,0.00,100.00,20.00,0.163,79.4,0
0826,1,ok,320.00,240.00,0.00,40.00,30.00,0.274,35.8,0
0826,2,ok,340.00,250.00,0.00,60.00,30.00,0.486,45.3,1
0826,3,ok,315.00,245.00,0.00,50.00,30.00,0.253,35.8,0
0826,4,ok,320.00,220.00,0.00,70.00,30.00,0.078,45.3,0
0827,0,ok,330.00,250.00,0.00,60.00,25.00,0.583,1.8,1
0827,1,ok,320.00,265.00,0.00,50.00,30.00,0.323,73.0,1
0827,2,ok,300.00,240.00,0.00,120.00,30.00,0.267,41.9,0
0827,3,ok,330.00,270.00,0.00,60.00,30.00,0.372,58.9,0
0827,4,ok,310.00,260.00,0.00,60.00,25.00,0.263,1.8,1
1000,0,ok,290.00,360.00,-45.00,56.57,30.00,0.084,20.0,0
1000,1,ok,320.00,275.00,26.57,67.08,20.00,0.000,180.0,0
1000,2,ok,290.00,315.00,14.04,41.23,25.00,0.000,39.1,0
1000,3,ok,302.50,315.00,0.00,45.00,20.00,0.000,180.0,0
1000,4,ok,330.00,320.00,-29.74,80.62,20.00,0.000,180.0,0
1027,0,ok,320.00,350.00,0.00,40.00,30.00,0.021,0.8,0
1027,1,ok,320.00,340.00,0.00,50.00,30.00,0.050,0.8,0
1027,2,ok,320.00,230.00,0.00,40.00,20.00,0.000,180.0,0
1027,3,ok,320.00,290.00,0.00,30.00,15.00,0.000,180.0,0
1027,4,ok,325.00,280.00,0.00,30.00,30.00,0.000,180.0,0
1028,0,ok,300.00,348.00,0.00,24.00,30.00,0.000,180.0,0
1028,1,ok,318.00,319.00,0.00,44.00,20.00,0.000,180.0,0
1028,2,ok,297.50,350.00,0.00,45.00,30.00,0.013,11.5,0
1028,3,ok,297.50,260.00,0.00,45.00,20.00,0.000,180.0,0
1028,4,ok,320.00,370.00,0.00,20.00,20.00,0.000,180.0,0
1029,0,ok,320.00,250.00,0.00,16.00,16.00,0.000,180.0,0
1029,1,ok,345.00,350.00,0.00,50.00,20.00,0.000,180.0,0
1029,2,ok,300.00,330.00,0.00,20.00,20.00,0.000,180.0,0
1029,3,ok,314.00,316.00,0.00,46.00,20.00,0.000,180.0,0
1029,4,ok,240.00,320.00,0.00,40.00,20.00,0.063,1.0,0
1030,0,ok,240.00,330.00,0.00,60.00,30.00,0.235,8.7,0
1030,1,ok,300.00,260.00,0.00,20.00,20.00,0.000,180.0,0
1030,2,ok,227.50,360.00,0.00,25.00,25.00,0.469,31.6,1
1030,3,ok,280.00,320.00,0.00,80.00,30.00,0.024,8.7,0
1030,4,ok,242.50,345.00,0.00,65.00,20.00,0.314,8.7,1
